transaction_id,customer_id,product_id,quantity,unit_price,total_amount,transaction_date,store_location
T0001,C0103,P040,10,229.35997845110498,2293.5997845110496,2025-10-15,South
T0002,C0180,P083,3,75.79467694211502,227.38403082634505,2025-07-27,North
T0003,C0093,P042,5,479.3877193178175,2396.938596589088,2025-07-01,East
T0004,C0015,P041,5,269.53326473335375,1347.6663236667687,2025-08-02,South
T0005,C0107,P006,4,128.5277141153157,514.1108564612628,2025-08-08,South
T0006,C0072,P052,1,255.2957498658067,255.2957498658067,2025-10-03,South
T0007,C0189,P026,5,343.01396304020284,1715.069815201014,2025-10-16,West
T0008,C0021,P064,10,47.35721680704659,473.5721680704659,2025-10-23,East
T0009,C0103,P098,5,144.60486937346707,723.0243468673353,2025-10-15,South
T0010,C0122,P059,4,405.4130905331569,1621.6523621326276,2025-08-13,North
T0011,C0075,P056,6,235.23578649730402,1411.414718983824,2025-05-10,North
T0012,C0088,P059,10,277.8227995958245,2778.227995958245,2025-06-10,West
T0013,C0117,P070,4,222.07984108263994,888.3193643305598,2025-10-13,North
T0014,C0100,P033,7,31.510971895072508,220.57680326550755,2025-10-16,South
T0015,C0104,P053,7,91.2173921118764,638.5217447831349,2025-07-24,North
T0016,C0152,P022,2,228.31540298352655,456.6308059670531,2025-09-01,South
T0017,C0131,P021,3,112.50087804988463,337.5026341496539,2025-10-09,North
T0018,C0150,P070,1,34.48972404324258,34.48972404324258,2025-10-05,East
T0019,C0053,P070,8,423.38833538539365,3387.106683083149,2025-08-19,West
T0020,C0002,P004,9,490.78433929041677,4417.059053613751,2025-10-21,West
T0021,C0088,P094,4,398.6400082584023,1594.5600330336092,2025-08-19,East
T0022,C0158,P075,6,428.35461163528686,2570.1276698117213,2025-08-06,East
T0023,C0038,P062,9,128.56879385535223,1157.11914469817,2025-10-29,West
T0024,C0130,P062,6,480.7072180014679,2884.243308008807,2025-09-07,East
T0025,C0192,P094,9,106.4935951821799,958.4423566396191,2025-09-28,South
T0026,C0188,P095,4,476.20060707729783,1904.8024283091913,2025-08-22,North
T0027,C0021,P024,8,497.461454043316,3979.691632346528,2025-09-04,West
T0028,C0161,P055,9,358.7441748155639,3228.697573340075,2025-10-27,East
T0029,C0058,P009,4,490.76042857799274,1963.041714311971,2025-06-26,South
T0030,C0022,P003,5,289.0744919878808,1445.3724599394038,2025-08-20,West
T0031,C0089,P031,8,137.17547375628428,1097.4037900502742,2025-07-08,East
T0032,C0049,P040,10,224.1279839761542,2241.279839761542,2025-09-08,West
T0033,C0059,P036,6,300.8448583356051,1805.0691500136309,2025-09-19,East
T0034,C0170,P024,7,45.80996539323735,320.66975775266144,2025-05-17,West
T0035,C0188,P095,3,314.9481996624506,944.8445989873517,2025-05-14,South
T0036,C0015,P006,7,490.77714001352433,3435.4399800946703,2025-07-20,South
T0037,C0190,P066,8,103.15274839402653,825.2219871522123,2025-08-19,North
T0038,C0190,P084,10,398.3716069813078,3983.7160698130783,2025-10-15,West
T0039,C0175,P092,6,454.87040895201346,2729.222453712081,2025-06-18,North
T0040,C0190,P075,10,472.4137804819082,4724.137804819082,2025-08-30,West
T0041,C0051,P004,9,480.46644615866916,4324.198015428023,2025-05-16,East
T0042,C0108,P079,6,265.51522297352125,1593.0913378411274,2025-07-19,East
T0043,C0055,P006,9,488.8808749158368,4399.927874242531,2025-11-02,North
T0044,C0064,P094,4,381.08200149587503,1524.3280059835001,2025-08-08,West
T0045,C0131,P051,8,89.21900375611133,713.7520300488907,2025-07-09,North
T0046,C0051,P062,4,243.6810521693053,974.7242086772212,2025-07-31,South
T0047,C0135,P057,2,361.98227593228194,723.9645518645639,2025-07-09,North
T0048,C0021,P066,10,131.19675475135082,1311.9675475135082,2025-08-27,North
T0049,C0073,P079,9,323.9014399389548,2915.1129594505933,2025-09-12,East
T0050,C0167,P075,5,336.6342347328434,1683.1711736642171,2025-05-15,North
T0051,C0018,P008,4,89.72287446619728,358.89149786478913,2025-07-31,West
T0052,C0132,P026,2,286.8918031018506,573.7836062037012,2025-09-17,East
T0053,C0089,P051,1,388.0971863795178,388.0971863795178,2025-09-19,North
T0054,C0060,P045,7,254.45887562261154,1781.212129358281,2025-07-05,South
T0055,C0014,P044,6,15.930527220292639,95.58316332175583,2025-05-30,North
T0056,C0009,P005,2,14.428849848853167,28.857699697706334,2025-10-09,North
T0057,C0090,P070,8,184.94437854530597,1479.5550283624477,2025-09-12,North
T0058,C0053,P026,4,463.8350935315732,1855.3403741262928,2025-05-11,East
T0059,C0130,P068,8,122.0516220057683,976.4129760461464,2025-09-12,West
T0060,C0084,P019,7,320.83820754712673,2245.867452829887,2025-06-18,South
T0061,C0092,P084,5,118.81717663972708,594.0858831986354,2025-08-22,North
T0062,C0111,P097,10,167.61829493317882,1676.1829493317882,2025-05-22,West
T0063,C0188,P020,10,425.54062390472717,4255.406239047272,2025-05-20,West
T0064,C0199,P012,8,367.14210671227397,2937.1368536981918,2025-08-03,East
T0065,C0172,P047,9,56.74564588347321,510.7108129512589,2025-05-20,South
T0066,C0008,P001,5,220.06399028335247,1100.3199514167623,2025-09-26,East
T0067,C0175,P090,10,24.29318418617959,242.9318418617959,2025-06-02,West
T0068,C0035,P014,5,245.6361718354744,1228.180859177372,2025-06-22,West
T0069,C0081,P064,2,334.59266573352335,669.1853314670467,2025-09-07,West
T0070,C0164,P038,5,68.06628556309427,340.33142781547133,2025-10-02,East
T0071,C0050,P037,3,151.55362006549117,454.66086019647355,2025-07-02,South
T0072,C0104,P011,7,204.9399464960569,1434.5796254723982,2025-08-16,North
T0073,C0132,P100,10,460.5702020814644,4605.702020814644,2025-10-28,East
T0074,C0002,P077,5,496.6949575572524,2483.474787786262,2025-09-21,West
T0075,C0134,P003,8,32.00653650785177,256.05229206281416,2025-09-04,East
T0076,C0054,P033,1,382.8938825127421,382.8938825127421,2025-06-30,West
T0077,C0106,P006,3,192.1447925371482,576.4343776114446,2025-06-09,North
T0078,C0004,P050,3,202.30451125244522,606.9135337573357,2025-06-28,North
T0079,C0054,P010,9,379.5898369400411,3416.30853246037,2025-06-21,South
T0080,C0191,P005,5,460.02895175125025,2300.144758756251,2025-07-29,West
T0081,C0146,P023,9,475.9550113062487,4283.595101756238,2025-10-01,South
T0082,C0044,P010,9,292.79006715877716,2635.1106044289945,2025-10-05,South
T0083,C0162,P044,1,184.98936805724637,184.98936805724637,2025-06-14,North
T0084,C0190,P002,2,395.8990520708018,791.7981041416036,2025-08-12,East
T0085,C0014,P013,5,132.99067779852712,664.9533889926356,2025-07-03,East
T0086,C0095,P040,4,286.3962741284237,1145.585096513695,2025-08-21,South
T0087,C0048,P002,10,185.70344614718786,1857.0344614718786,2025-07-06,North
T0088,C0015,P084,9,331.7492261168593,2985.7430350517334,2025-09-16,West
T0089,C0200,P065,7,127.79546731781838,894.5682712247286,2025-10-11,East
T0090,C0190,P063,6,103.88054341006463,623.2832604603877,2025-06-12,South
T0091,C0040,P073,7,459.9371524709642,3219.5600672967494,2025-08-09,East
T0092,C0082,P017,1,59.88380464527308,59.88380464527308,2025-08-13,East
T0093,C0111,P009,1,257.91937479011654,257.91937479011654,2025-09-20,West
T0094,C0053,P075,8,118.21786365187437,945.7429092149949,2025-07-23,North
T0095,C0024,P015,2,29.07568202957705,58.1513640591541,2025-06-26,West
T0096,C0154,P024,10,27.649220962798932,276.4922096279893,2025-08-10,North
T0097,C0188,P038,9,95.8586683318554,862.7280149866986,2025-10-14,East
T0098,C0124,P035,7,434.71747370794014,3043.022315955581,2025-06-01,South
T0099,C0041,P094,6,148.41458454874305,890.4875072924583,2025-10-03,West
T0100,C0157,P095,1,475.7249935818949,475.7249935818949,2025-06-14,North
T0101,C0015,P049,1,294.99492356470483,294.99492356470483,2025-05-12,East
T0102,C0045,P069,2,223.94095298669538,447.88190597339076,2025-08-24,North
T0103,C0065,P062,6,294.2435289880328,1765.4611739281968,2025-09-11,North
T0104,C0089,P060,6,263.1822087608712,1579.0932525652274,2025-05-28,North
T0105,C0071,P050,2,381.80036434108933,763.6007286821787,2025-10-07,East
T0106,C0009,P078,1,148.42307232669762,148.42307232669762,2025-06-27,South
T0107,C0088,P075,10,182.99469188414815,1829.9469188414814,2025-11-01,South
T0108,C0129,P009,5,448.10620824129285,2240.531041206464,2025-11-03,South
T0109,C0136,P034,5,473.7636914436987,2368.8184572184937,2025-08-12,North
T0110,C0063,P076,2,447.3535314683725,894.707062936745,2025-08-21,East
T0111,C0139,P099,6,215.52951703908366,1293.177102234502,2025-10-19,North
T0112,C0081,P035,9,392.37909647337204,3531.4118682603485,2025-09-02,South
T0113,C0136,P001,2,243.4045093175384,486.8090186350768,2025-08-14,South
T0114,C0163,P040,10,253.79452755159008,2537.945275515901,2025-07-13,East
T0115,C0163,P064,2,110.29325343806914,220.5865068761383,2025-07-26,North
T0116,C0033,P022,3,299.6538485966731,898.9615457900193,2025-10-17,West
T0117,C0123,P060,7,101.20658989914048,708.4461292939834,2025-10-19,West
T0118,C0005,P064,6,172.46670254292493,1034.8002152575496,2025-05-14,South
T0119,C0041,P093,8,428.96479879376824,3431.718390350146,2025-06-16,East
T0120,C0028,P072,8,111.46714651331907,891.7371721065525,2025-10-25,North
T0121,C0135,P011,6,44.86755973498208,269.2053584098925,2025-08-31,North
T0122,C0072,P014,10,43.81372038027999,438.1372038027999,2025-09-10,South
T0123,C0012,P060,3,470.9844150465229,1412.9532451395687,2025-05-20,South
T0124,C0162,P030,3,258.39101460129893,775.1730438038968,2025-09-16,North
T0125,C0033,P035,1,210.61191519033898,210.61191519033898,2025-05-26,North
T0126,C0048,P085,7,407.33050469388,2851.31353285716,2025-06-17,South
T0127,C0151,P037,5,419.5547046761528,2097.7735233807643,2025-05-29,North
T0128,C0062,P005,4,172.77360622664625,691.094424906585,2025-09-28,West
T0129,C0037,P083,10,349.87284816215964,3498.7284816215965,2025-08-15,South
T0130,C0099,P078,4,387.85017976742444,1551.4007190696977,2025-06-03,North
T0131,C0172,P026,4,330.7788365643177,1323.1153462572709,2025-05-16,South
T0132,C0104,P062,6,84.28158665204869,505.6895199122921,2025-08-16,East
T0133,C0035,P004,8,439.18271092335794,3513.4616873868636,2025-08-03,South
T0134,C0193,P089,8,274.1563308406443,2193.250646725154,2025-06-19,South
T0135,C0101,P042,5,148.4114889213018,742.0574446065091,2025-10-27,East
T0136,C0175,P089,6,218.36181086447002,1310.17086518682,2025-05-22,West
T0137,C0131,P018,4,28.409834295464616,113.63933718185847,2025-07-25,North
T0138,C0001,P040,9,72.65473259898461,653.8925933908615,2025-05-10,East
T0139,C0005,P072,8,385.1179077527718,3080.9432620221746,2025-09-04,South
T0140,C0142,P039,10,10.005701030129408,100.05701030129408,2025-06-14,North
T0141,C0103,P014,10,214.11725595632316,2141.1725595632315,2025-07-16,East
T0142,C0027,P032,1,266.0299887319383,266.0299887319383,2025-10-21,North
T0143,C0137,P051,2,36.77086580047642,73.54173160095284,2025-06-18,North
T0144,C0015,P038,9,486.8082998564431,4381.274698707988,2025-07-09,East
T0145,C0090,P097,8,120.80141231233925,966.411298498714,2025-07-07,North
T0146,C0042,P023,3,159.05737262177763,477.1721178653329,2025-09-10,West
T0147,C0124,P063,8,158.93183100496339,1271.454648039707,2025-08-27,East
T0148,C0179,P015,1,122.90416443750145,122.90416443750145,2025-05-22,West
T0149,C0063,P097,10,10.722172822292594,107.22172822292593,2025-07-31,South
T0150,C0096,P025,4,367.3789491031182,1469.5157964124728,2025-09-15,North
T0151,C0052,P017,3,483.7542949016498,1451.2628847049496,2025-07-17,South
T0152,C0096,P097,6,119.90380680967208,719.4228408580325,2025-09-30,South
T0153,C0132,P066,7,334.89312398367696,2344.2518678857386,2025-09-08,North
T0154,C0151,P078,4,373.5292002097704,1494.1168008390816,2025-08-05,East
T0155,C0143,P053,7,425.7284357543571,2980.0990502805,2025-06-05,North
T0156,C0171,P051,9,217.08830653666848,1953.7947588300162,2025-07-13,South
T0157,C0029,P039,2,158.43614376381032,316.87228752762064,2025-10-18,South
T0158,C0036,P051,3,169.39461567128524,508.1838470138557,2025-05-13,East
T0159,C0013,P070,5,359.1844532182713,1795.9222660913565,2025-10-23,North
T0160,C0160,P006,3,410.22193858776166,1230.665815763285,2025-10-19,South
T0161,C0071,P067,8,98.9908442007353,791.9267536058824,2025-06-22,West
T0162,C0187,P007,10,191.76109399730495,1917.6109399730494,2025-10-06,South
T0163,C0086,P051,8,451.9506964070835,3615.605571256668,2025-06-24,South
T0164,C0028,P072,8,405.2798246504222,3242.2385972033776,2025-06-08,East
T0165,C0066,P042,9,492.58061735361315,4433.225556182519,2025-09-24,West
T0166,C0170,P064,4,379.5816472442196,1518.3265889768784,2025-05-18,South
T0167,C0045,P015,5,202.66564850368192,1013.3282425184096,2025-09-03,South
T0168,C0062,P029,5,299.4125386573725,1497.0626932868627,2025-05-22,West
T0169,C0185,P033,8,333.8969845811869,2671.1758766494954,2025-07-27,North
T0170,C0134,P094,7,48.44334999539073,339.1034499677351,2025-08-09,North
T0171,C0028,P027,9,276.8035099608939,2491.231589648045,2025-05-18,South
T0172,C0028,P036,8,357.56720595157867,2860.5376476126294,2025-07-23,South
T0173,C0108,P029,2,91.98743896051958,183.97487792103917,2025-08-10,North
T0174,C0044,P038,10,392.509541538523,3925.0954153852304,2025-08-21,East
T0175,C0084,P057,4,296.0486624519147,1184.1946498076588,2025-05-09,West
T0176,C0030,P097,6,476.5886749918214,2859.5320499509285,2025-09-18,West
T0177,C0190,P027,2,30.78692612137693,61.57385224275386,2025-05-28,East
T0178,C0075,P055,7,140.0098074021788,980.0686518152517,2025-05-16,East
T0179,C0128,P033,3,304.7614008569138,914.2842025707414,2025-10-26,East
T0180,C0092,P068,3,155.31435698090604,465.9430709427181,2025-05-09,East
T0181,C0190,P086,2,360.06784039490867,720.1356807898173,2025-07-04,East
T0182,C0129,P066,8,381.9125884357462,3055.3007074859697,2025-07-11,East
T0183,C0121,P010,6,60.23282239257248,361.3969343554349,2025-09-03,West
T0184,C0027,P005,1,261.78868746131616,261.78868746131616,2025-06-05,East
T0185,C0190,P074,1,259.3563722396174,259.3563722396174,2025-09-06,North
T0186,C0121,P097,7,190.94757740561514,1336.6330418393059,2025-08-23,East
T0187,C0116,P038,8,467.1331826591393,3737.0654612731146,2025-10-20,East
T0188,C0003,P013,5,415.4780967378784,2077.390483689392,2025-10-30,West
T0189,C0103,P031,5,351.632597135722,1758.1629856786099,2025-10-20,West
T0190,C0198,P047,4,360.0200515101488,1440.0802060405952,2025-06-26,East
T0191,C0200,P100,6,236.24091046842835,1417.44546281057,2025-09-05,West
T0192,C0155,P088,6,461.2873153373222,2767.7238920239333,2025-06-21,South
T0193,C0137,P052,3,350.35175935410984,1051.0552780623295,2025-07-03,West
T0194,C0062,P056,9,367.2007202113501,3304.8064819021506,2025-10-11,West
T0195,C0165,P015,7,432.22854285579916,3025.599799990594,2025-08-27,West
T0196,C0051,P029,1,144.29507877767358,144.29507877767358,2025-09-19,West
T0197,C0172,P008,7,405.4647428946845,2838.2532002627913,2025-08-24,North
T0198,C0152,P005,5,105.6678954486811,528.3394772434054,2025-10-03,North
T0199,C0059,P029,5,179.21755659999505,896.0877829999753,2025-08-30,North
T0200,C0118,P047,2,174.44912259222292,348.89824518444584,2025-07-25,East
T0201,C0160,P068,4,489.47747951067885,1957.9099180427154,2025-09-15,East
T0202,C0096,P076,6,429.70323963648417,2578.219437818905,2025-06-14,South
T0203,C0180,P045,10,353.57323217922726,3535.7323217922726,2025-05-28,North
T0204,C0113,P002,7,366.2578131915412,2563.8046923407883,2025-06-03,East
T0205,C0062,P027,5,285.4156692572598,1427.0783462862992,2025-06-06,West
T0206,C0186,P095,9,474.07442688317434,4266.669841948569,2025-05-09,West
T0207,C0052,P036,3,253.16678891235716,759.5003667370715,2025-09-04,North
T0208,C0012,P036,1,196.45367783624832,196.45367783624832,2025-06-12,South
T0209,C0039,P026,4,89.8873150964796,359.5492603859184,2025-07-06,South
T0210,C0130,P043,9,395.2407696079184,3557.166926471266,2025-07-16,West
T0211,C0131,P027,4,369.8775267170398,1479.5101068681593,2025-10-16,South
T0212,C0113,P069,2,198.3339688768261,396.6679377536522,2025-11-03,North
T0213,C0101,P020,10,22.344772840022387,223.44772840022387,2025-05-20,West
T0214,C0113,P011,5,421.1086905818253,2105.5434529091262,2025-05-28,East
T0215,C0184,P074,3,15.59481189249608,46.78443567748824,2025-06-20,East
T0216,C0081,P038,9,354.81289201823495,3193.3160281641144,2025-09-11,South
T0217,C0187,P006,4,485.42598376576797,1941.7039350630719,2025-06-27,West
T0218,C0113,P072,6,224.4540507926197,1346.7243047557183,2025-06-06,West
T0219,C0002,P023,2,125.13696844801686,250.27393689603372,2025-06-16,East
T0220,C0130,P047,6,355.38679492125704,2132.3207695275423,2025-10-26,West
T0221,C0054,P090,3,410.39278958763674,1231.1783687629102,2025-11-02,West
T0222,C0087,P046,9,277.75085487814516,2499.7576939033065,2025-10-06,West
T0223,C0129,P012,2,483.8472848755116,967.6945697510232,2025-10-27,South
T0224,C0147,P090,9,35.31767361240094,317.85906251160844,2025-06-15,West
T0225,C0126,P013,5,257.3498431692188,1286.7492158460939,2025-07-31,North
T0226,C0130,P062,8,362.0424341880495,2896.339473504396,2025-10-06,South
T0227,C0053,P082,2,432.6938308630977,865.3876617261953,2025-09-13,West
T0228,C0172,P089,6,97.83524983481712,587.0114990089028,2025-09-11,West
T0229,C0160,P097,3,402.0017060642039,1206.0051181926117,2025-06-22,North
T0230,C0198,P060,10,280.8264671020872,2808.264671020872,2025-06-29,South
T0231,C0160,P043,5,204.31130417508197,1021.5565208754099,2025-07-27,East
T0232,C0068,P076,8,74.54036400375584,596.3229120300467,2025-11-02,East
T0233,C0183,P100,10,433.9949218653671,4339.949218653671,2025-09-09,South
T0234,C0184,P068,1,87.06387200806053,87.06387200806053,2025-09-04,West
T0235,C0123,P005,5,161.79605101245863,808.9802550622932,2025-05-16,West
T0236,C0145,P037,3,152.12231066159407,456.36693198478224,2025-08-01,East
T0237,C0038,P072,4,436.9928767535186,1747.9715070140744,2025-09-14,East
T0238,C0024,P092,2,339.62446716236,679.24893432472,2025-05-16,East
T0239,C0069,P031,9,400.3738846237724,3603.364961613952,2025-10-12,North
T0240,C0116,P009,3,132.7292704083245,398.18781122497353,2025-08-12,East
T0241,C0098,P051,2,316.18830880742945,632.3766176148589,2025-08-18,North
T0242,C0198,P029,10,290.15553174043686,2901.5553174043685,2025-05-13,South
T0243,C0139,P078,9,418.0868846262528,3762.7819616362754,2025-08-02,West
T0244,C0144,P040,7,453.98265963581764,3177.8786174507236,2025-10-30,East
T0245,C0097,P041,6,15.956818023919535,95.7409081435172,2025-06-11,West
T0246,C0124,P086,1,340.2697603388084,340.2697603388084,2025-07-02,West
T0247,C0187,P011,5,35.39954156866722,176.9977078433361,2025-09-04,East
T0248,C0070,P023,3,278.9407458879044,836.8222376637133,2025-10-26,East
T0249,C0093,P001,1,150.94003723140233,150.94003723140233,2025-10-13,South
T0250,C0003,P046,4,160.32053376584918,641.2821350633967,2025-08-30,North
T0251,C0148,P021,2,182.94966669165473,365.89933338330945,2025-09-30,North
T0252,C0187,P090,2,314.43330003430896,628.8666000686179,2025-06-03,West
T0253,C0164,P036,3,173.6844831776969,521.0534495330908,2025-09-21,East
T0254,C0147,P054,8,369.0225347892374,2952.180278313899,2025-06-24,South
T0255,C0090,P087,8,208.21841893119614,1665.7473514495691,2025-08-29,South
T0256,C0195,P057,7,43.493068151879726,304.4514770631581,2025-07-23,South
T0257,C0147,P001,6,394.04232281721255,2364.253936903275,2025-07-19,South
T0258,C0148,P063,9,150.02157905042594,1350.1942114538335,2025-08-05,South
T0259,C0096,P054,4,222.05577100363868,888.2230840145547,2025-06-23,North
T0260,C0199,P055,1,345.86750277873176,345.86750277873176,2025-06-10,North
T0261,C0052,P040,8,172.90351700286888,1383.228136022951,2025-05-09,North
T0262,C0161,P015,7,37.72697151189065,264.08880058323456,2025-10-02,East
T0263,C0168,P021,7,193.22131303627867,1352.5491912539508,2025-06-08,West
T0264,C0128,P047,3,472.7798055202087,1418.339416560626,2025-09-27,South
T0265,C0039,P073,4,324.4498546762935,1297.799418705174,2025-06-30,East
T0266,C0082,P053,10,339.0247828469314,3390.247828469314,2025-06-25,South
T0267,C0104,P009,9,319.81825528244354,2878.364297541992,2025-07-16,North
T0268,C0129,P074,6,107.50614809012403,645.0368885407441,2025-08-21,East
T0269,C0011,P052,5,214.98359341011727,1074.9179670505864,2025-08-06,North
T0270,C0185,P057,3,377.96050119802595,1133.881503594078,2025-07-10,South
T0271,C0178,P026,9,59.67271980104798,537.0544782094319,2025-07-20,South
T0272,C0151,P041,5,146.147860283959,730.7393014197951,2025-10-16,West
T0273,C0159,P035,5,145.39636314826828,726.9818157413414,2025-10-24,South
T0274,C0042,P063,4,221.68927452130794,886.7570980852317,2025-08-05,North
T0275,C0099,P025,4,490.3806830616707,1961.5227322466828,2025-10-31,South
T0276,C0007,P090,1,43.07624787507275,43.07624787507275,2025-05-21,West
T0277,C0144,P075,7,264.16348724649157,1849.144410725441,2025-07-20,West
T0278,C0090,P038,9,97.88869418598313,880.9982476738481,2025-07-24,North
T0279,C0112,P002,3,485.63150725077463,1456.894521752324,2025-10-14,East
T0280,C0060,P007,2,65.51871731645745,131.0374346329149,2025-07-15,South
T0281,C0113,P082,3,207.76449115717972,623.2934734715392,2025-08-14,West
T0282,C0002,P091,1,371.56364256895705,371.56364256895705,2025-09-10,South
T0283,C0129,P034,6,355.2316697334482,2131.3900184006893,2025-08-18,South
T0284,C0048,P091,7,217.1370320780268,1519.9592245461877,2025-09-17,East
T0285,C0140,P017,2,179.79684229683193,359.59368459366385,2025-08-18,West
T0286,C0197,P043,8,204.83006549090658,1638.6405239272526,2025-05-27,South
T0287,C0037,P059,6,139.49536894773325,836.9722136863995,2025-07-29,West
T0288,C0160,P051,4,110.6131399663319,442.4525598653276,2025-09-26,North
T0289,C0009,P054,5,246.6894518038561,1233.4472590192804,2025-05-31,North
T0290,C0099,P024,8,141.58154047312757,1132.6523237850206,2025-07-30,South
T0291,C0147,P025,3,150.85621579965255,452.56864739895764,2025-08-25,West
T0292,C0048,P071,3,331.810471102533,995.4314133075989,2025-07-22,South
T0293,C0131,P052,4,484.58329253294715,1938.3331701317886,2025-09-14,West
T0294,C0148,P070,1,305.78222827409377,305.78222827409377,2025-08-04,West
T0295,C0152,P088,9,47.71993886183348,429.4794497565013,2025-07-01,East
T0296,C0054,P033,8,47.03597078849282,376.28776630794255,2025-08-05,East
T0297,C0120,P049,8,476.19737821432733,3809.5790257146186,2025-09-28,East
T0298,C0161,P029,10,155.6724872505935,1556.7248725059349,2025-07-12,South
T0299,C0152,P063,6,55.11282318041296,330.67693908247776,2025-07-23,East
T0300,C0116,P022,7,303.53184770368694,2124.7229339258083,2025-09-28,East
T0301,C0075,P026,6,315.5879013622304,1893.5274081733824,2025-10-04,North
T0302,C0113,P028,9,327.7673618581572,2949.9062567234146,2025-10-02,West
T0303,C0200,P085,3,141.02699365019524,423.08098095058574,2025-07-07,West
T0304,C0164,P049,3,17.404235265092765,52.212705795278296,2025-08-09,East
T0305,C0166,P071,3,482.8575310326912,1448.5725930980736,2025-10-16,West
T0306,C0104,P081,10,132.9375923886402,1329.3759238864022,2025-06-26,North
T0307,C0084,P084,3,341.2528811457483,1023.7586434372449,2025-06-12,North
T0308,C0112,P049,9,356.2486362405677,3206.237726165109,2025-10-27,East
T0309,C0099,P020,4,308.90363436894796,1235.6145374757918,2025-08-18,North
T0310,C0153,P086,7,163.32462316468764,1143.2723621528135,2025-05-19,West
T0311,C0093,P092,9,142.83716434439222,1285.53447909953,2025-08-15,South
T0312,C0146,P063,7,302.8574585243245,2120.0022096702714,2025-08-26,West
T0313,C0128,P061,9,434.38686046972884,3909.48174422756,2025-07-21,South
T0314,C0110,P049,3,473.8995271724638,1421.6985815173914,2025-10-29,East
T0315,C0082,P071,4,61.89384415784124,247.57537663136495,2025-05-17,South
T0316,C0194,P001,8,85.86602017288273,686.9281613830618,2025-05-11,North
T0317,C0054,P096,6,472.92076680370906,2837.5246008222543,2025-08-01,West
T0318,C0163,P013,5,370.90226188404836,1854.5113094202418,2025-06-03,South
T0319,C0189,P094,4,442.66697416658883,1770.6678966663553,2025-07-19,West
T0320,C0169,P087,8,109.28999072631815,874.3199258105452,2025-06-25,East
T0321,C0161,P051,1,297.91707684360694,297.91707684360694,2025-10-11,East
T0322,C0068,P056,9,353.55840126456206,3182.0256113810588,2025-09-02,North
T0323,C0033,P083,1,343.2548238690166,343.2548238690166,2025-10-09,East
T0324,C0142,P062,8,209.9943285246821,1679.9546281974567,2025-10-08,South
T0325,C0021,P032,4,17.543496928741153,70.17398771496461,2025-05-20,East
T0326,C0048,P030,9,295.6337678340889,2660.7039105068,2025-09-18,North
T0327,C0148,P029,5,134.0197541980083,670.0987709900414,2025-06-25,West
T0328,C0128,P049,3,230.62458061001627,691.8737418300489,2025-06-14,West
T0329,C0136,P045,9,479.2146973910705,4312.932276519635,2025-06-21,East
T0330,C0135,P093,9,205.52730564479302,1849.745750803137,2025-05-23,South
T0331,C0195,P030,4,421.5027872655691,1686.0111490622764,2025-06-20,North
T0332,C0145,P016,4,102.38489681713305,409.5395872685322,2025-10-31,South
T0333,C0128,P040,8,339.5056440322641,2716.045152258113,2025-08-03,North
T0334,C0033,P019,2,488.7334076750823,977.4668153501646,2025-07-17,East
T0335,C0176,P018,9,59.92761942773903,539.3485748496513,2025-06-23,North
T0336,C0187,P001,6,14.076771691324087,84.46063014794453,2025-08-24,North
T0337,C0115,P078,9,222.45556838998104,2002.1001155098293,2025-09-08,East
T0338,C0119,P047,8,55.38648669516993,443.0918935613594,2025-10-26,South
T0339,C0022,P066,7,376.70833134135336,2636.9583193894737,2025-05-29,East
T0340,C0158,P092,1,458.1288452857939,458.1288452857939,2025-10-06,North
T0341,C0038,P094,3,222.67027662729183,668.0108298818755,2025-08-23,East
T0342,C0109,P038,2,136.76870465616608,273.53740931233216,2025-07-27,North
T0343,C0051,P051,5,222.8576263132388,1114.288131566194,2025-06-24,East
T0344,C0182,P063,5,364.4894307465005,1822.4471537325026,2025-09-02,West
T0345,C0008,P004,5,14.43653917438178,72.1826958719089,2025-09-09,West
T0346,C0027,P001,4,298.8324548475016,1195.3298193900064,2025-09-28,East
T0347,C0027,P008,5,310.5129255948157,1552.5646279740786,2025-06-02,South
T0348,C0021,P029,3,322.4672409790084,967.4017229370252,2025-06-13,North
T0349,C0030,P055,1,128.59081919062984,128.59081919062984,2025-06-28,West
T0350,C0097,P003,5,359.8858344552821,1799.4291722764106,2025-05-23,South
T0351,C0028,P032,9,54.78182830257044,493.03645472313394,2025-07-15,North
T0352,C0111,P010,9,107.6424648687324,968.7821838185916,2025-05-29,West
T0353,C0192,P074,4,439.9603228606961,1759.8412914427845,2025-09-26,West
T0354,C0197,P083,3,371.9743438560175,1115.9230315680525,2025-05-27,East
T0355,C0061,P034,1,16.735321465559174,16.735321465559174,2025-06-11,North
T0356,C0048,P097,2,131.7043675812021,263.4087351624042,2025-07-25,South
T0357,C0147,P087,8,115.05917666665063,920.473413333205,2025-09-10,South
T0358,C0004,P055,1,142.69510073811657,142.69510073811657,2025-09-02,South
T0359,C0035,P092,8,131.30428743714432,1050.4342994971546,2025-06-29,North
T0360,C0192,P032,7,40.63788491399441,284.4651943979609,2025-06-04,South
T0361,C0049,P050,8,234.88085313244196,1879.0468250595356,2025-10-12,South
T0362,C0017,P007,6,369.0394026452209,2214.2364158713253,2025-10-11,South
T0363,C0172,P093,9,307.29854511154383,2765.6869060038944,2025-06-12,East
T0364,C0158,P008,3,339.7071176130591,1019.1213528391772,2025-09-21,East
T0365,C0046,P065,10,49.76309748275718,497.63097482757183,2025-09-29,North
T0366,C0117,P057,4,476.23044798662573,1904.921791946503,2025-08-22,North
T0367,C0006,P067,6,420.86099858308216,2525.165991498493,2025-10-19,South
T0368,C0099,P088,8,404.49425606287474,3235.954048502998,2025-10-13,East
T0369,C0124,P087,5,413.26206447046604,2066.3103223523303,2025-10-01,West
T0370,C0037,P059,3,467.02814898505306,1401.0844469551591,2025-05-10,West
T0371,C0024,P072,6,276.68444339571187,1660.106660374271,2025-11-01,South
T0372,C0093,P054,4,108.13818875513668,432.5527550205467,2025-07-24,South
T0373,C0046,P067,9,312.22396784774514,2810.0157106297065,2025-09-17,East
T0374,C0181,P051,3,374.0119318972901,1122.0357956918701,2025-08-06,East
T0375,C0095,P097,4,371.57952274347247,1486.3180909738899,2025-08-05,East
T0376,C0099,P092,7,265.5100218417713,1858.570152892399,2025-08-10,North
T0377,C0188,P008,7,43.54477247345325,304.81340731417276,2025-05-15,North
T0378,C0116,P034,4,191.84533983076264,767.3813593230506,2025-08-11,South
T0379,C0191,P035,6,461.1756381470451,2767.053828882271,2025-08-24,North
T0380,C0160,P096,3,296.37996578113876,889.1398973434164,2025-07-21,East
T0381,C0161,P088,6,273.7826521952996,1642.6959131717977,2025-06-16,East
T0382,C0067,P078,2,141.73822204727483,283.47644409454966,2025-09-26,North
T0383,C0128,P032,8,190.53997075912366,1524.3197660729893,2025-10-14,West
T0384,C0018,P046,2,448.71958368505295,897.4391673701059,2025-07-18,South
T0385,C0025,P016,7,336.5668932881495,2355.9682530170467,2025-07-03,West
T0386,C0054,P068,9,395.8196431086431,3562.376787977788,2025-10-25,South
T0387,C0058,P037,1,232.629257303151,232.629257303151,2025-06-19,West
T0388,C0067,P054,8,318.8211375335174,2550.569100268139,2025-06-13,North
T0389,C0104,P085,7,131.7079682841717,921.9557779892019,2025-07-31,South
T0390,C0174,P014,6,355.6758068389083,2134.0548410334495,2025-09-03,South
T0391,C0024,P095,6,219.52465351463528,1317.1479210878117,2025-05-15,South
T0392,C0114,P055,6,226.84730225922533,1361.083813555352,2025-07-01,East
T0393,C0032,P048,9,328.167939042672,2953.511451384048,2025-09-14,East
T0394,C0175,P082,2,468.7775045197741,937.5550090395482,2025-10-27,West
T0395,C0086,P007,1,41.363109838224254,41.363109838224254,2025-09-05,North
T0396,C0151,P074,6,414.1241863000337,2484.7451178002025,2025-10-28,East
T0397,C0194,P007,10,153.26772410197464,1532.6772410197464,2025-08-22,South
T0398,C0127,P033,8,227.52053270812513,1820.164261665001,2025-06-24,East
T0399,C0155,P023,3,20.73753109975439,62.21259329926316,2025-09-08,North
T0400,C0130,P085,10,157.51257813881338,1575.1257813881339,2025-09-26,East
T0401,C0017,P019,1,256.2893088887639,256.2893088887639,2025-09-04,South
T0402,C0104,P019,9,37.52627790024512,337.7365011022061,2025-10-05,West
T0403,C0161,P036,1,250.63690739775092,250.63690739775092,2025-09-03,South
T0404,C0137,P029,3,464.2842081406294,1392.8526244218883,2025-05-29,North
T0405,C0043,P060,8,61.64267687282456,493.1414149825965,2025-09-22,West
T0406,C0176,P082,3,384.57595675699713,1153.7278702709914,2025-06-03,East
T0407,C0039,P002,4,210.7388161542364,842.9552646169456,2025-05-17,East
T0408,C0170,P001,8,331.0351201169256,2648.280960935405,2025-05-23,East
T0409,C0026,P047,1,137.5159330127624,137.5159330127624,2025-05-18,West
T0410,C0099,P069,6,88.15120864526556,528.9072518715933,2025-09-07,South
T0411,C0050,P020,1,88.62668099290096,88.62668099290096,2025-09-06,West
T0412,C0153,P011,1,44.541053365140876,44.541053365140876,2025-09-10,West
T0413,C0152,P002,8,100.96688540160908,807.7350832128726,2025-10-25,North
T0414,C0013,P067,4,335.46749864459446,1341.8699945783778,2025-07-19,West
T0415,C0060,P087,1,442.02839980331896,442.02839980331896,2025-10-07,East
T0416,C0135,P012,10,408.9215859396693,4089.215859396693,2025-06-26,South
T0417,C0057,P020,7,345.7158118384972,2420.01068286948,2025-10-09,South
T0418,C0036,P005,5,64.1116130714403,320.5580653572015,2025-08-07,South
T0419,C0173,P037,5,151.70184868501542,758.5092434250771,2025-06-14,East
T0420,C0020,P038,1,161.8053689080098,161.8053689080098,2025-07-15,East
T0421,C0065,P094,10,132.4789037348344,1324.789037348344,2025-06-27,East
T0422,C0008,P009,6,262.35277325776434,1574.1166395465862,2025-10-07,East
T0423,C0144,P098,9,272.4213692910396,2451.7923236193565,2025-05-27,East
T0424,C0142,P053,9,184.874127833844,1663.8671505045959,2025-08-16,West
T0425,C0115,P044,8,183.35668778085366,1466.8535022468293,2025-07-07,East
T0426,C0143,P099,5,415.99224297397984,2079.9612148698993,2025-10-22,East
T0427,C0092,P086,1,396.75349567664597,396.75349567664597,2025-08-05,East
T0428,C0098,P024,9,160.81995752356536,1447.3796177120882,2025-10-01,East
T0429,C0066,P081,1,457.75633749789705,457.75633749789705,2025-10-02,South
T0430,C0032,P074,8,476.87935833122793,3815.0348666498235,2025-10-19,East
T0431,C0191,P030,5,170.10384559472,850.5192279736001,2025-07-16,West
T0432,C0086,P059,3,183.66822490859687,551.0046747257907,2025-10-30,West
T0433,C0051,P087,7,257.76073517675985,1804.325146237319,2025-06-26,West
T0434,C0153,P096,7,471.14919814150005,3298.0443869905002,2025-08-24,North
T0435,C0186,P081,9,439.39652223973263,3954.568700157594,2025-10-16,South
T0436,C0063,P081,7,60.258301665959,421.80811166171304,2025-09-04,East
T0437,C0190,P014,3,202.43806420299396,607.3141926089819,2025-10-04,North
T0438,C0125,P009,1,281.1518829773882,281.1518829773882,2025-10-05,East
T0439,C0150,P040,8,256.5349115502546,2052.279292402037,2025-10-31,North
T0440,C0058,P066,3,104.9929032890774,314.9787098672322,2025-06-14,North
T0441,C0058,P025,8,430.8202178723958,3446.5617429791664,2025-09-28,West
T0442,C0086,P073,8,341.7009836684503,2733.6078693476024,2025-10-18,West
T0443,C0049,P022,5,420.57510367738377,2102.875518386919,2025-10-15,North
T0444,C0180,P004,1,430.7944968812414,430.7944968812414,2025-05-19,West
T0445,C0170,P026,10,376.6943682962125,3766.9436829621245,2025-09-23,North
T0446,C0070,P058,7,225.2131946123615,1576.4923622865304,2025-07-25,South
T0447,C0015,P029,10,309.16790995755804,3091.6790995755805,2025-07-24,West
T0448,C0054,P098,5,88.57904899867414,442.8952449933707,2025-10-08,West
T0449,C0188,P087,8,340.08625456270477,2720.690036501638,2025-05-10,West
T0450,C0101,P037,9,97.83409531224757,880.5068578102281,2025-07-11,South
T0451,C0008,P075,7,350.0352993499768,2450.2470954498376,2025-06-12,North
T0452,C0053,P070,7,122.50309876944465,857.5216913861125,2025-05-15,East
T0453,C0060,P018,1,67.60013707360778,67.60013707360778,2025-08-01,West
T0454,C0108,P085,4,90.98940017004914,363.95760068019655,2025-10-01,North
T0455,C0005,P042,2,10.976146257344432,21.952292514688864,2025-07-14,South
T0456,C0103,P100,2,362.1824127482298,724.3648254964596,2025-06-19,East
T0457,C0196,P041,2,368.87651403860576,737.7530280772115,2025-09-03,West
T0458,C0006,P038,4,262.31734145749715,1049.2693658299886,2025-09-10,South
T0459,C0109,P034,1,89.06777251713801,89.06777251713801,2025-10-22,South
T0460,C0116,P017,4,50.94162538023797,203.7665015209519,2025-10-24,East
T0461,C0094,P037,2,19.373193554270635,38.74638710854127,2025-06-01,North
T0462,C0047,P025,5,91.21660671295814,456.0830335647907,2025-06-23,West
T0463,C0099,P076,3,446.5192121417419,1339.5576364252256,2025-05-27,West
T0464,C0055,P087,8,128.35305243382408,1026.8244194705926,2025-07-15,North
T0465,C0168,P086,4,183.59295033643568,734.3718013457427,2025-08-18,North
T0466,C0052,P085,1,61.61928739585326,61.61928739585326,2025-06-19,North
T0467,C0144,P027,1,118.95703932660344,118.95703932660344,2025-06-09,East
T0468,C0013,P057,10,264.4200396823005,2644.200396823005,2025-10-22,East
T0469,C0114,P031,3,307.79881471686974,923.3964441506092,2025-08-25,West
T0470,C0124,P006,9,130.22263394144343,1172.003705472991,2025-06-13,East
T0471,C0106,P091,7,38.288758020307434,268.021306142152,2025-08-13,South
T0472,C0158,P040,2,201.60610587242533,403.21221174485066,2025-10-19,West
T0473,C0147,P098,9,124.75965175390373,1122.8368657851336,2025-09-16,East
T0474,C0145,P012,10,117.58142238260295,1175.8142238260295,2025-07-20,North
T0475,C0120,P053,2,480.33277332959307,960.6655466591861,2025-09-21,South
T0476,C0063,P071,3,311.9872381036048,935.9617143108144,2025-08-13,North
T0477,C0019,P010,10,282.87043715432696,2828.7043715432696,2025-09-08,West
T0478,C0092,P045,2,213.72980072642775,427.4596014528555,2025-07-17,North
T0479,C0058,P017,3,220.18272338077068,660.5481701423121,2025-10-24,East
T0480,C0183,P026,6,275.0434518806596,1650.2607112839573,2025-05-21,East
T0481,C0090,P085,9,351.2506054476925,3161.2554490292328,2025-06-26,West
T0482,C0117,P092,9,354.05158712909645,3186.464284161868,2025-07-07,North
T0483,C0062,P062,7,94.13001477567029,658.9101034296921,2025-09-15,West
T0484,C0023,P046,3,255.05524851754723,765.1657455526417,2025-05-13,North
T0485,C0127,P064,4,211.85946656670995,847.4378662668398,2025-10-27,South
T0486,C0137,P002,6,436.5582134719983,2619.3492808319897,2025-06-04,East
T0487,C0140,P054,5,319.3952713970044,1596.976356985022,2025-10-15,West
T0488,C0129,P065,2,270.9269925438311,541.8539850876622,2025-10-04,South
T0489,C0058,P051,6,66.54337466766951,399.26024800601704,2025-05-16,South
T0490,C0122,P053,3,306.76256576847163,920.2876973054149,2025-06-27,West
T0491,C0001,P036,8,67.42991378331438,539.439310266515,2025-07-14,West
T0492,C0034,P026,2,175.2312220272185,350.462444054437,2025-06-21,South
T0493,C0096,P029,1,79.99256275902262,79.99256275902262,2025-09-10,North
T0494,C0126,P021,9,349.1160870419408,3142.044783377467,2025-07-05,South
T0495,C0118,P011,3,111.06353577971478,333.1906073391443,2025-05-11,West
T0496,C0048,P040,1,202.01109286213273,202.01109286213273,2025-08-02,South
T0497,C0089,P011,7,448.8806410332015,3142.1644872324105,2025-07-17,North
T0498,C0117,P036,10,110.11502786549545,1101.1502786549545,2025-09-15,East
T0499,C0129,P059,5,258.82448133980176,1294.122406699009,2025-10-27,East
T0500,C0016,P039,5,215.44311397135078,1077.215569856754,2025-05-10,South
T0501,C0189,P099,1,18.88078011240757,18.88078011240757,2025-08-18,North
T0502,C0192,P054,9,398.4514756506783,3586.0632808561045,2025-06-12,East
T0503,C0191,P098,7,43.832494094153866,306.8274586590771,2025-08-14,South
T0504,C0069,P055,8,242.38496027870727,1939.0796822296581,2025-06-07,South
T0505,C0022,P024,9,284.73236452008547,2562.591280680769,2025-09-01,North
T0506,C0093,P022,6,317.92896374114764,1907.5737824468858,2025-05-16,West
T0507,C0195,P069,5,347.42949836085904,1737.1474918042952,2025-10-05,South
T0508,C0076,P056,6,134.10346792613038,804.6208075567822,2025-06-21,West
T0509,C0154,P033,2,14.889600562640194,29.779201125280387,2025-06-13,West
T0510,C0144,P036,4,364.4873945539069,1457.9495782156275,2025-07-24,East
T0511,C0179,P020,3,272.4717336803135,817.4152010409405,2025-06-08,West
T0512,C0086,P083,7,419.6976745715519,2937.883722000863,2025-06-24,North
T0513,C0185,P099,9,412.4802978213402,3712.3226803920616,2025-07-02,East
T0514,C0029,P081,5,423.22982221606276,2116.1491110803136,2025-08-22,East
T0515,C0069,P062,6,247.69638338997467,1486.178300339848,2025-10-13,East
T0516,C0047,P098,10,173.47791396006417,1734.7791396006417,2025-09-06,South
T0517,C0094,P073,2,397.8635192697713,795.7270385395426,2025-07-02,South
T0518,C0190,P026,3,231.1341153843349,693.4023461530047,2025-09-29,West
T0519,C0197,P066,3,99.8866762376829,299.66002871304875,2025-05-20,East
T0520,C0144,P073,9,428.9372695851224,3860.435426266102,2025-09-30,East
T0521,C0176,P073,7,442.45433961845015,3097.1803773291513,2025-09-29,North
T0522,C0085,P040,8,238.49178050868335,1907.9342440694668,2025-09-25,West
T0523,C0039,P017,10,47.09286638179586,470.9286638179586,2025-09-21,North
T0524,C0100,P001,9,200.0347840592963,1800.3130565336667,2025-05-11,West
T0525,C0033,P089,6,403.7334531366756,2422.400718820054,2025-09-29,West
T0526,C0101,P061,4,451.86927398765204,1807.4770959506081,2025-06-07,South
T0527,C0023,P043,1,109.70164382382195,109.70164382382195,2025-05-31,South
T0528,C0010,P042,8,42.817069892383046,342.53655913906437,2025-08-08,North
T0529,C0069,P025,7,439.9017220350909,3079.3120542456363,2025-08-31,West
T0530,C0100,P039,2,200.80842009964888,401.61684019929777,2025-08-20,East
T0531,C0034,P035,8,275.462872491106,2203.702979928848,2025-09-03,South
T0532,C0180,P003,5,484.3522479048719,2421.7612395243596,2025-05-13,East
T0533,C0138,P044,7,42.6167166779692,298.31701674578443,2025-08-20,North
T0534,C0147,P051,4,327.6758236515268,1310.7032946061072,2025-08-24,South
T0535,C0186,P094,5,46.31165706168487,231.55828530842433,2025-07-12,South
T0536,C0096,P098,8,193.97977494858517,1551.8381995886814,2025-09-06,West
T0537,C0001,P012,1,403.86912714478893,403.86912714478893,2025-06-07,North
T0538,C0069,P019,1,222.40139405026085,222.40139405026085,2025-10-04,West
T0539,C0004,P044,4,498.6193534124457,1994.4774136497829,2025-07-31,South
T0540,C0016,P059,3,283.93904962383505,851.8171488715052,2025-10-05,North
T0541,C0024,P049,10,167.36945479161722,1673.6945479161723,2025-06-09,South
T0542,C0080,P061,2,117.85454969332903,235.70909938665807,2025-10-16,North
T0543,C0002,P017,3,181.7550618002193,545.2651854006579,2025-05-24,South
T0544,C0128,P074,1,192.5413041421799,192.5413041421799,2025-06-15,East
T0545,C0160,P057,1,43.66970208474088,43.66970208474088,2025-09-27,East
T0546,C0084,P055,6,191.09135771911886,1146.5481463147132,2025-06-13,West
T0547,C0152,P047,5,237.47687467222022,1187.384373361101,2025-10-06,East
T0548,C0140,P012,8,364.1414985970143,2913.131988776114,2025-08-30,South
T0549,C0178,P062,2,331.7974475135879,663.5948950271758,2025-07-13,South
T0550,C0163,P080,4,357.2951710622856,1429.1806842491424,2025-08-21,East
T0551,C0124,P088,8,14.098204119659979,112.78563295727983,2025-08-01,West
T0552,C0033,P083,6,116.65702579446267,699.942154766776,2025-05-10,East
T0553,C0161,P008,1,334.2253013159297,334.2253013159297,2025-07-22,North
T0554,C0189,P095,4,247.1547904080761,988.6191616323044,2025-07-14,North
T0555,C0179,P021,1,12.603603077489513,12.603603077489513,2025-11-04,North
T0556,C0171,P081,2,404.20237479159294,808.4047495831859,2025-10-06,East
T0557,C0101,P087,5,388.6766909122653,1943.3834545613265,2025-10-09,East
T0558,C0012,P080,8,278.7253898668457,2229.8031189347657,2025-07-02,East
T0559,C0067,P070,8,42.56702963037334,340.5362370429867,2025-05-14,North
T0560,C0065,P072,3,385.5923742709665,1156.7771228128995,2025-10-18,West
T0561,C0161,P025,4,296.01965798836835,1184.0786319534734,2025-10-05,South
T0562,C0168,P082,10,393.1603888074,3931.603888074,2025-10-26,East
T0563,C0074,P089,6,378.3560262739618,2270.1361576437707,2025-09-28,West
T0564,C0043,P012,10,403.4710152593402,4034.710152593402,2025-08-02,South
T0565,C0044,P015,3,263.82395253826616,791.4718576147984,2025-07-07,South
T0566,C0029,P059,2,78.75901391482235,157.5180278296447,2025-08-17,South
T0567,C0141,P026,6,338.8671619560474,2033.2029717362846,2025-05-20,West
T0568,C0012,P026,5,314.03215467546556,1570.1607733773278,2025-06-26,West
T0569,C0095,P047,10,373.7040617275527,3737.040617275527,2025-06-19,North
T0570,C0046,P032,5,93.2416929648603,466.20846482430153,2025-10-21,West
T0571,C0130,P010,10,105.53784795114171,1055.378479511417,2025-07-29,West
T0572,C0035,P016,5,446.300663437471,2231.5033171873547,2025-10-28,West
T0573,C0081,P071,10,377.4891212415147,3774.8912124151466,2025-06-12,South
T0574,C0090,P017,5,455.0319594631582,2275.159797315791,2025-10-13,East
T0575,C0008,P023,3,381.7705073703211,1145.3115221109633,2025-10-13,North
T0576,C0093,P026,7,302.6060999352479,2118.2426995467354,2025-09-19,East
T0577,C0154,P085,6,330.5250411436581,1983.1502468619485,2025-07-14,East
T0578,C0090,P086,4,445.6726827306049,1782.6907309224196,2025-07-27,West
T0579,C0162,P007,2,293.61530971085085,587.2306194217017,2025-05-15,North
T0580,C0115,P014,9,319.87174892090985,2878.8457402881886,2025-11-04,East
T0581,C0105,P079,1,86.67359084176428,86.67359084176428,2025-05-22,East
T0582,C0135,P007,4,242.22139785689032,968.8855914275613,2025-07-20,North
T0583,C0196,P009,1,361.0345848594685,361.0345848594685,2025-09-28,West
T0584,C0058,P048,6,142.76192217501907,856.5715330501143,2025-10-04,East
T0585,C0114,P072,4,109.1045484570221,436.4181938280884,2025-10-18,South
T0586,C0075,P059,5,163.77513602996362,818.8756801498181,2025-07-13,East
T0587,C0157,P087,5,128.3353077164884,641.6765385824419,2025-08-07,South
T0588,C0120,P093,9,115.30719214783396,1037.7647293305056,2025-09-15,West
T0589,C0164,P082,1,218.1769130053626,218.1769130053626,2025-10-18,East
T0590,C0021,P095,2,454.8408718029317,909.6817436058634,2025-05-28,North
T0591,C0164,P094,6,258.45922690197193,1550.7553614118315,2025-05-18,North
T0592,C0138,P039,5,102.08098659950828,510.4049329975414,2025-06-02,East
T0593,C0101,P099,7,47.7161179966283,334.01282597639806,2025-06-02,West
T0594,C0152,P018,3,351.11651111758334,1053.34953335275,2025-07-01,West
T0595,C0192,P059,3,197.57139457383005,592.7141837214901,2025-06-10,North
T0596,C0177,P017,10,412.69716382682606,4126.971638268261,2025-10-19,East
T0597,C0099,P014,2,333.1602766339774,666.3205532679548,2025-08-11,West
T0598,C0036,P031,3,400.1583107652706,1200.4749322958119,2025-05-22,North
T0599,C0096,P024,10,143.2535593150399,1432.5355931503989,2025-07-12,South
T0600,C0152,P099,1,349.2558720059185,349.2558720059185,2025-08-26,East
T0601,C0151,P060,5,139.3903724999222,696.951862499611,2025-07-27,South
T0602,C0190,P045,5,470.1435549306429,2350.7177746532143,2025-07-01,South
T0603,C0037,P098,7,321.82339795135346,2252.7637856594743,2025-09-10,West
T0604,C0012,P003,4,169.0107820859176,676.0431283436704,2025-11-04,West
T0605,C0113,P037,3,142.0608125232136,426.1824375696408,2025-09-16,West
T0606,C0183,P043,1,103.55402668510531,103.55402668510531,2025-10-24,East
T0607,C0013,P040,8,350.3740698579266,2802.992558863413,2025-09-19,South
T0608,C0023,P090,3,117.17065036898438,351.5119511069531,2025-06-02,East
T0609,C0099,P055,2,301.69860030446966,603.3972006089393,2025-09-26,West
T0610,C0105,P087,4,139.6711631934251,558.6846527737003,2025-09-02,South
T0611,C0030,P039,3,334.3647829489956,1003.0943488469868,2025-09-21,East
T0612,C0017,P015,1,409.3204669848642,409.3204669848642,2025-10-04,East
T0613,C0113,P004,3,391.23236914088005,1173.69710742264,2025-06-02,North
T0614,C0062,P093,2,382.81715215608307,765.6343043121661,2025-07-26,East
T0615,C0084,P086,8,101.98397878920352,815.8718303136282,2025-07-15,West
T0616,C0112,P025,6,53.308624022414165,319.851744134485,2025-10-28,East
T0617,C0086,P013,9,352.48492595881896,3172.364333629371,2025-05-20,South
T0618,C0141,P082,8,190.49013475923215,1523.9210780738572,2025-06-09,East
T0619,C0187,P033,10,221.84965093764018,2218.4965093764017,2025-09-13,North
T0620,C0019,P016,3,25.26305546876162,75.78916640628486,2025-08-12,South
T0621,C0177,P042,5,137.19246014477412,685.9623007238706,2025-08-08,South
T0622,C0100,P066,7,26.50143789848737,185.51006528941159,2025-09-26,North
T0623,C0140,P055,5,440.80102857461134,2204.0051428730567,2025-06-08,West
T0624,C0189,P099,8,129.26437477707992,1034.1149982166394,2025-07-25,South
T0625,C0147,P042,5,283.09521309077394,1415.4760654538698,2025-05-28,West
T0626,C0076,P034,1,29.099867123953903,29.099867123953903,2025-10-01,South
T0627,C0009,P030,5,336.7552217397725,1683.7761086988623,2025-07-07,South
T0628,C0199,P013,4,168.283399419506,673.133597678024,2025-09-19,West
T0629,C0028,P013,6,449.98040160925626,2699.8824096555377,2025-10-15,South
T0630,C0128,P018,3,445.17791257767755,1335.5337377330327,2025-08-09,West
T0631,C0052,P032,5,169.3924029972564,846.9620149862819,2025-06-20,North
T0632,C0083,P096,2,451.47083888832924,902.9416777766585,2025-09-15,West
T0633,C0111,P099,6,498.1172600144016,2988.7035600864097,2025-07-07,North
T0634,C0144,P039,6,414.45367542073456,2486.7220525244074,2025-10-06,South
T0635,C0117,P046,5,423.98696040006223,2119.9348020003113,2025-06-08,West
T0636,C0069,P029,6,132.01428069345405,792.0856841607243,2025-05-13,South
T0637,C0099,P062,7,292.5841754403006,2048.0892280821045,2025-10-17,West
T0638,C0140,P093,5,42.95539784401025,214.77698922005123,2025-05-18,North
T0639,C0025,P062,1,56.50978904261816,56.50978904261816,2025-08-05,North
T0640,C0180,P057,8,499.4573798963124,3995.659039170499,2025-09-15,West
T0641,C0123,P016,4,170.05323221869637,680.2129288747855,2025-09-11,North
T0642,C0053,P056,9,376.61011690393474,3389.4910521354127,2025-05-19,South
T0643,C0151,P010,10,405.26587598314006,4052.658759831401,2025-11-02,South
T0644,C0144,P030,6,430.4314027935423,2582.588416761254,2025-10-14,East
T0645,C0057,P025,1,498.8378657270567,498.8378657270567,2025-07-03,North
T0646,C0039,P084,3,128.33327777586524,384.99983332759575,2025-07-30,South
T0647,C0109,P005,3,29.771905161252857,89.31571548375857,2025-09-22,West
T0648,C0181,P065,10,211.48384381734712,2114.8384381734713,2025-08-15,North
T0649,C0042,P094,4,73.739528216184,294.958112864736,2025-10-04,South
T0650,C0186,P049,6,20.98868568940701,125.93211413644207,2025-07-20,North
T0651,C0167,P003,7,186.6091452993282,1306.2640170952973,2025-10-11,West
T0652,C0142,P045,10,394.03174302686585,3940.3174302686584,2025-08-31,South
T0653,C0122,P014,4,287.4285387002847,1149.7141548011389,2025-05-15,East
T0654,C0133,P030,6,163.26121471307349,979.5672882784409,2025-07-27,East
T0655,C0163,P068,1,330.6275826914327,330.6275826914327,2025-09-29,North
T0656,C0075,P018,8,123.68890835131725,989.511266810538,2025-08-13,West
T0657,C0146,P062,7,17.046908575321662,119.32836002725163,2025-05-12,South
T0658,C0076,P037,9,384.5331593538494,3460.7984341846445,2025-05-12,West
T0659,C0009,P025,3,315.6341115833645,946.9023347500934,2025-08-19,South
T0660,C0074,P048,2,383.52828600547036,767.0565720109407,2025-06-17,North
T0661,C0186,P065,1,29.07962817695615,29.07962817695615,2025-05-25,South
T0662,C0145,P053,3,420.18861763701955,1260.5658529110588,2025-08-17,West
T0663,C0007,P079,5,313.56783801778863,1567.8391900889433,2025-08-19,West
T0664,C0174,P073,2,286.06372184919366,572.1274436983873,2025-09-09,North
T0665,C0141,P015,3,316.0608835761205,948.1826507283615,2025-06-29,West
T0666,C0168,P049,4,433.5722909654984,1734.2891638619935,2025-06-29,South
T0667,C0170,P088,7,297.5988882138645,2083.1922174970514,2025-10-19,North
T0668,C0137,P068,3,294.66568614520787,883.9970584356236,2025-09-09,South
T0669,C0178,P012,9,495.43278696222524,4458.895082660027,2025-10-21,West
T0670,C0027,P059,8,380.7977818635983,3046.3822549087863,2025-11-02,North
T0671,C0122,P037,4,226.72396467105628,906.8958586842251,2025-07-10,South
T0672,C0194,P061,1,356.6245300161346,356.6245300161346,2025-09-01,West
T0673,C0005,P043,1,200.72293112897637,200.72293112897637,2025-07-09,West
T0674,C0029,P070,1,122.14897661691451,122.14897661691451,2025-05-15,East
T0675,C0165,P039,1,302.45741967500214,302.45741967500214,2025-10-10,West
T0676,C0166,P056,8,464.80922807583624,3718.47382460669,2025-08-08,South
T0677,C0083,P063,3,465.27836480757674,1395.8350944227302,2025-05-22,North
T0678,C0136,P046,6,177.53358627169027,1065.2015176301416,2025-08-02,East
T0679,C0109,P088,3,268.56195844863055,805.6858753458916,2025-09-18,West
T0680,C0065,P011,5,113.701590299232,568.50795149616,2025-09-15,West
T0681,C0086,P062,7,497.8592436544529,3485.0147055811703,2025-07-09,West
T0682,C0145,P077,2,490.7477748552885,981.495549710577,2025-10-04,South
T0683,C0071,P098,6,328.2593755566492,1969.5562533398952,2025-07-26,East
T0684,C0045,P025,6,404.162889241962,2424.977335451772,2025-10-04,South
T0685,C0132,P071,3,360.399079029013,1081.197237087039,2025-09-23,East
T0686,C0036,P052,6,300.6475273293394,1803.8851639760364,2025-07-05,North
T0687,C0070,P004,10,36.14051852455987,361.4051852455987,2025-09-05,South
T0688,C0159,P059,10,232.83452785080394,2328.3452785080394,2025-10-22,South
T0689,C0019,P072,5,340.64528806203117,1703.2264403101558,2025-09-18,North
T0690,C0189,P020,2,341.99049080300546,683.9809816060109,2025-07-12,East
T0691,C0108,P093,9,192.83008302696797,1735.4707472427117,2025-05-21,West
T0692,C0182,P063,8,471.429073462435,3771.43258769948,2025-07-29,North
T0693,C0167,P054,3,92.0049457960227,276.0148373880681,2025-10-28,West
T0694,C0091,P074,8,255.1761286456247,2041.4090291649975,2025-10-15,West
T0695,C0090,P098,9,348.5331485099032,3136.7983365891287,2025-10-19,North
T0696,C0019,P057,3,351.5965448869865,1054.7896346609596,2025-09-24,East
T0697,C0039,P090,3,327.8330888167196,983.4992664501589,2025-10-04,West
T0698,C0126,P041,2,144.8912245914115,289.782449182823,2025-06-29,North
T0699,C0195,P003,8,86.54121865644477,692.3297492515582,2025-09-02,South
T0700,C0173,P006,10,321.6107601450883,3216.107601450883,2025-06-03,South
T0701,C0141,P005,1,303.6580369083245,303.6580369083245,2025-06-11,South
T0702,C0126,P005,8,97.88444504172807,783.0755603338246,2025-06-29,North
T0703,C0058,P054,7,355.518181329576,2488.6272693070323,2025-08-28,South
T0704,C0148,P047,7,233.03427594949164,1631.2399316464416,2025-07-29,West
T0705,C0200,P087,3,337.20268988554494,1011.6080696566348,2025-11-04,South
T0706,C0061,P049,1,420.30986908737384,420.30986908737384,2025-10-12,South
T0707,C0127,P009,4,93.16693000269235,372.6677200107694,2025-10-21,West
T0708,C0105,P099,9,19.380985318449973,174.42886786604976,2025-06-19,South
T0709,C0167,P020,5,391.76026733393553,1958.8013366696778,2025-05-29,West
T0710,C0001,P061,1,308.7517383247818,308.7517383247818,2025-06-19,South
T0711,C0131,P035,5,352.82338911483964,1764.1169455741983,2025-09-26,West
T0712,C0092,P050,8,420.69593774443484,3365.5675019554787,2025-08-29,South
T0713,C0190,P082,8,403.37735806400525,3227.018864512042,2025-08-21,West
T0714,C0191,P062,5,480.85087199512407,2404.2543599756204,2025-05-25,North
T0715,C0113,P017,9,272.6081886375379,2453.473697737841,2025-09-05,West
T0716,C0153,P088,1,249.36286000335363,249.36286000335363,2025-09-22,South
T0717,C0056,P003,4,206.92472794645772,827.6989117858309,2025-10-24,South
T0718,C0161,P032,3,85.30861099366022,255.92583298098066,2025-09-14,East
T0719,C0166,P099,2,290.577544112191,581.155088224382,2025-09-15,West
T0720,C0117,P013,8,145.7361369197296,1165.8890953578368,2025-07-07,North
T0721,C0134,P089,7,461.440680984358,3230.0847668905058,2025-06-25,West
T0722,C0058,P073,9,295.7634940957778,2661.871446862,2025-06-06,West
T0723,C0044,P068,2,300.491688448974,600.983376897948,2025-08-13,North
T0724,C0173,P014,4,183.91308382973492,735.6523353189397,2025-05-18,West
T0725,C0160,P098,6,35.47478246907667,212.84869481446003,2025-07-05,North
T0726,C0173,P011,3,25.554445032764423,76.66333509829327,2025-05-29,North
T0727,C0061,P056,8,217.43422063506677,1739.4737650805341,2025-06-05,West
T0728,C0047,P067,3,51.43703526764655,154.31110580293966,2025-06-11,West
T0729,C0149,P092,2,307.35500821466815,614.7100164293363,2025-05-16,South
T0730,C0080,P029,3,441.67677276343215,1325.0303182902965,2025-11-01,South
T0731,C0118,P009,6,442.62826009417387,2655.7695605650433,2025-07-26,East
T0732,C0164,P067,2,332.93225096479387,665.8645019295877,2025-09-30,East
T0733,C0147,P025,8,113.50359742173619,908.0287793738895,2025-08-03,West
T0734,C0020,P098,1,432.8684473658473,432.8684473658473,2025-08-04,North
T0735,C0185,P076,7,444.185783303472,3109.3004831243043,2025-10-28,East
T0736,C0146,P042,2,106.36025662694976,212.72051325389953,2025-07-16,West
T0737,C0047,P009,10,371.33878202763185,3713.3878202763185,2025-10-15,East
T0738,C0049,P079,6,150.39457897429025,902.3674738457415,2025-10-27,North
T0739,C0014,P040,2,403.29375305293553,806.5875061058711,2025-08-03,West
T0740,C0143,P025,2,498.64657095276533,997.2931419055307,2025-08-17,North
T0741,C0159,P005,10,24.71274261140248,247.1274261140248,2025-05-16,West
T0742,C0001,P011,8,449.70927423755666,3597.6741939004532,2025-07-24,East
T0743,C0117,P059,2,315.08896146334246,630.1779229266849,2025-08-03,South
T0744,C0054,P098,7,486.9574833907624,3408.7023837353368,2025-06-20,East
T0745,C0118,P088,3,237.85466358794952,713.5639907638486,2025-09-14,East
T0746,C0003,P079,8,425.22008597997313,3401.760687839785,2025-08-25,South
T0747,C0144,P038,7,40.57309361315584,284.0116552920909,2025-11-03,South
T0748,C0185,P072,8,174.2867345383649,1394.2938763069192,2025-10-07,West
T0749,C0012,P005,7,42.838103498092885,299.8667244866502,2025-10-07,West
T0750,C0074,P048,6,487.9181354047446,2927.5088124284675,2025-05-25,North
T0751,C0016,P090,7,410.31721456319997,2872.2205019424,2025-09-18,North
T0752,C0200,P018,5,427.7482364105255,2138.7411820526277,2025-10-03,East
T0753,C0102,P070,7,469.60296340260817,3287.2207438182572,2025-05-29,South
T0754,C0152,P037,1,51.70070819869483,51.70070819869483,2025-07-05,North
T0755,C0156,P060,1,198.94282033153334,198.94282033153334,2025-10-14,East
T0756,C0117,P048,9,44.80709563156104,403.26386068404935,2025-08-26,South
T0757,C0008,P077,5,113.28861975951402,566.4430987975701,2025-09-24,West
T0758,C0122,P028,5,122.38923074845945,611.9461537422973,2025-11-04,East
T0759,C0092,P069,3,239.86253341331354,719.5876002399407,2025-09-28,West
T0760,C0164,P077,5,141.59546205228486,707.9773102614242,2025-09-20,North
T0761,C0090,P081,3,59.479272340702934,178.4378170221088,2025-06-05,North
T0762,C0136,P040,9,92.07063365611278,828.635702905015,2025-06-28,South
T0763,C0186,P045,9,82.16502614052456,739.485235264721,2025-05-13,East
T0764,C0060,P096,6,486.8076309770262,2920.845785862157,2025-05-13,West
T0765,C0178,P062,1,382.05332839005206,382.05332839005206,2025-08-10,South
T0766,C0028,P093,7,484.20311798208536,3389.4218258745977,2025-08-12,North
T0767,C0101,P058,7,225.47283838887518,1578.3098687221263,2025-05-16,North
T0768,C0041,P067,10,146.40055601470172,1464.0055601470171,2025-07-11,East
T0769,C0192,P056,10,401.1636666325015,4011.6366663250146,2025-09-23,West
T0770,C0155,P040,4,169.86441984016193,679.4576793606477,2025-06-15,East
T0771,C0191,P098,8,156.69785311562066,1253.5828249249653,2025-08-27,West
T0772,C0145,P040,6,123.92793618183728,743.5676170910237,2025-08-28,West
T0773,C0161,P091,4,73.54269932987532,294.1707973195013,2025-07-28,East
T0774,C0157,P077,4,135.66689989821532,542.6675995928613,2025-09-21,South
T0775,C0141,P033,2,184.10667675220498,368.21335350440995,2025-08-20,East
T0776,C0046,P006,2,340.2571619914079,680.5143239828158,2025-10-08,East
T0777,C0035,P088,4,40.65677268753127,162.6270907501251,2025-07-20,North
T0778,C0134,P019,5,113.14840043601805,565.7420021800903,2025-11-02,North
T0779,C0082,P080,8,406.4215837429214,3251.3726699433714,2025-06-26,East
T0780,C0115,P040,6,81.99174255604767,491.95045533628604,2025-06-13,East
T0781,C0197,P092,4,177.89612179603554,711.5844871841422,2025-09-11,North
T0782,C0047,P097,7,433.68287171048866,3035.7801019734206,2025-07-15,West
T0783,C0153,P059,8,85.9134024602869,687.3072196822952,2025-07-25,East
T0784,C0194,P059,2,50.54104945291305,101.0820989058261,2025-08-21,South
T0785,C0010,P048,7,247.42361758920532,1731.9653231244372,2025-10-24,South
T0786,C0056,P041,2,158.18556052648285,316.3711210529657,2025-09-07,South
T0787,C0030,P013,2,286.07009859708853,572.1401971941771,2025-09-04,East
T0788,C0109,P045,8,403.8643963369028,3230.9151706952225,2025-08-30,West
T0789,C0005,P089,2,77.20275919484415,154.4055183896883,2025-05-18,West
T0790,C0119,P053,9,294.54255143159963,2650.882962884397,2025-10-04,North
T0791,C0033,P042,1,257.6992925910333,257.6992925910333,2025-10-19,East
T0792,C0118,P100,9,80.59860514646779,725.3874463182101,2025-09-25,West
T0793,C0065,P063,1,315.7592579092014,315.7592579092014,2025-08-07,East
T0794,C0146,P027,10,144.0838047517781,1440.838047517781,2025-05-10,North
T0795,C0177,P038,10,249.03881608656613,2490.388160865661,2025-09-03,North
T0796,C0011,P060,2,50.31343889576032,100.62687779152064,2025-05-21,North
T0797,C0085,P007,6,235.1961880346753,1411.1771282080517,2025-10-15,South
T0798,C0026,P005,6,160.16709934098196,961.0025960458918,2025-08-11,East
T0799,C0063,P045,1,412.96679348082364,412.96679348082364,2025-09-29,North
T0800,C0086,P058,7,37.919576228710454,265.43703360097317,2025-06-09,East
T0801,C0059,P031,8,215.11756470998168,1720.9405176798534,2025-06-09,South
T0802,C0027,P023,2,234.63139782440462,469.26279564880923,2025-09-09,South
T0803,C0177,P042,8,365.2529773865682,2922.0238190925456,2025-05-19,North
T0804,C0161,P010,9,291.4009117942034,2622.6082061478305,2025-05-18,North
T0805,C0098,P032,6,336.93404522514874,2021.6042713508923,2025-05-23,West
T0806,C0105,P053,5,390.7541499693605,1953.7707498468026,2025-05-25,East
T0807,C0099,P030,9,432.4794570925125,3892.3151138326125,2025-10-23,North
T0808,C0129,P039,9,163.79899339401055,1474.190940546095,2025-10-01,West
T0809,C0149,P031,1,273.6311256283125,273.6311256283125,2025-10-08,East
T0810,C0055,P082,3,421.65295843520795,1264.958875305624,2025-07-06,North
T0811,C0006,P100,9,494.83105417287766,4453.479487555899,2025-07-25,West
T0812,C0197,P002,2,445.8644624114439,891.7289248228878,2025-09-09,West
T0813,C0095,P078,4,192.01895868594463,768.0758347437785,2025-08-30,East
T0814,C0133,P077,4,105.6315934371387,422.5263737485548,2025-05-30,West
T0815,C0102,P093,2,249.80234332922848,499.60468665845696,2025-10-13,East
T0816,C0003,P012,3,373.4043113996607,1120.212934198982,2025-10-27,East
T0817,C0181,P039,3,251.35884466911583,754.0765340073475,2025-06-09,East
T0818,C0023,P066,1,246.75862302369757,246.75862302369757,2025-11-03,South
T0819,C0053,P096,6,420.7329063300823,2524.397437980494,2025-10-29,West
T0820,C0165,P013,8,187.08785174292132,1496.7028139433705,2025-08-29,East
T0821,C0083,P046,3,431.29939065770634,1293.8981719731191,2025-09-05,North
T0822,C0145,P027,5,209.33435246634454,1046.6717623317227,2025-10-04,South
T0823,C0085,P017,1,170.83422178238632,170.83422178238632,2025-09-07,South
T0824,C0078,P095,10,232.45505648785252,2324.550564878525,2025-06-09,West
T0825,C0110,P098,7,383.5990097506855,2685.1930682547986,2025-09-04,East
T0826,C0001,P060,10,71.7409936533572,717.4099365335719,2025-06-16,West
T0827,C0051,P064,1,106.24541577728851,106.24541577728851,2025-05-20,South
T0828,C0173,P088,9,476.2079645749151,4285.871681174236,2025-10-30,East
T0829,C0004,P035,8,95.99089741686511,767.9271793349209,2025-05-26,North
T0830,C0190,P070,7,288.18638578621676,2017.3047005035173,2025-10-04,East
T0831,C0193,P083,10,293.86408866434954,2938.6408866434954,2025-09-26,South
T0832,C0113,P030,7,249.91598640461996,1749.4119048323396,2025-10-04,North
T0833,C0032,P071,5,325.9251718026411,1629.6258590132056,2025-09-11,East
T0834,C0034,P074,5,122.61509564083303,613.0754782041652,2025-09-21,North
T0835,C0092,P096,5,280.8045112106066,1404.022556053033,2025-06-23,North
T0836,C0095,P098,1,192.3648950709796,192.3648950709796,2025-08-20,South
T0837,C0072,P063,8,334.21695721830264,2673.735657746421,2025-09-20,North
T0838,C0039,P028,1,79.19953625284323,79.19953625284323,2025-10-06,West
T0839,C0154,P060,4,289.72993425134337,1158.9197370053735,2025-08-02,South
T0840,C0162,P079,9,100.78247413782861,907.0422672404575,2025-10-05,West
T0841,C0182,P094,9,146.53510092636785,1318.8159083373107,2025-08-05,North
T0842,C0118,P037,5,117.16780215855579,585.8390107927789,2025-05-30,West
T0843,C0003,P093,4,99.59051213572039,398.36204854288155,2025-08-08,East
T0844,C0123,P022,3,414.59836626472685,1243.7950987941806,2025-06-06,North
T0845,C0050,P068,3,149.99670815383627,449.9901244615088,2025-05-21,East
T0846,C0012,P020,5,464.29065311358016,2321.453265567901,2025-05-10,West
T0847,C0193,P096,10,485.2639974191435,4852.639974191435,2025-06-06,East
T0848,C0054,P100,1,289.9176302691777,289.9176302691777,2025-11-04,North
T0849,C0133,P068,5,80.07055010620593,400.35275053102964,2025-06-04,East
T0850,C0057,P091,6,193.52863925599482,1161.171835535969,2025-06-27,West
T0851,C0145,P064,7,400.8888090406249,2806.2216632843742,2025-08-11,West
T0852,C0112,P017,9,190.02145706156452,1710.1931135540806,2025-10-06,West
T0853,C0047,P012,3,52.638436968366484,157.91531090509946,2025-08-04,North
T0854,C0151,P022,2,282.8246063548121,565.6492127096242,2025-06-21,West
T0855,C0085,P017,3,424.10921723305705,1272.3276516991712,2025-05-30,North
T0856,C0142,P010,9,400.0039297003162,3600.0353673028458,2025-10-26,East
T0857,C0066,P065,7,95.81033866387308,670.6723706471116,2025-10-20,West
T0858,C0075,P022,9,339.6546610621087,3056.891949558978,2025-08-13,East
T0859,C0179,P090,2,118.04708908346709,236.09417816693417,2025-05-11,South
T0860,C0103,P082,5,116.92169193056439,584.6084596528219,2025-09-03,East
T0861,C0166,P050,4,438.29516891954074,1753.180675678163,2025-05-27,South
T0862,C0192,P014,2,132.33778684271277,264.67557368542555,2025-05-31,East
T0863,C0038,P064,9,138.99119979382547,1250.9207981444292,2025-10-12,North
T0864,C0050,P047,9,10.320161473036782,92.88145325733103,2025-06-07,East
T0865,C0098,P029,6,436.62782672150365,2619.766960329022,2025-06-16,North
T0866,C0082,P076,6,398.37145847247604,2390.2287508348563,2025-08-24,North
T0867,C0030,P036,8,317.3911781944322,2539.1294255554576,2025-08-27,West
T0868,C0079,P099,6,377.6302243300327,2265.7813459801964,2025-06-02,North
T0869,C0091,P052,1,84.50379803800098,84.50379803800098,2025-09-13,South
T0870,C0179,P076,4,234.57856134791197,938.3142453916479,2025-08-27,West
T0871,C0191,P007,7,182.09749980090263,1274.6824986063184,2025-09-21,West
T0872,C0052,P029,2,55.95049786593808,111.90099573187616,2025-08-22,East
T0873,C0166,P011,9,248.2039377553128,2233.835439797815,2025-09-29,North
T0874,C0079,P033,8,461.16242866789133,3689.2994293431307,2025-07-19,North
T0875,C0030,P006,8,29.628968334840295,237.03174667872236,2025-09-14,South
T0876,C0106,P079,7,152.81584761195901,1069.710933283713,2025-08-24,East
T0877,C0051,P032,4,111.69505874079469,446.78023496317877,2025-05-13,East
T0878,C0081,P051,2,126.6918602961912,253.3837205923824,2025-05-11,West
T0879,C0133,P075,3,455.1329304208939,1365.3987912626817,2025-09-17,West
T0880,C0029,P058,6,239.35383657480216,1436.123019448813,2025-08-20,West
T0881,C0132,P087,5,238.48671234051122,1192.433561702556,2025-07-11,South
T0882,C0138,P026,8,382.68206480308834,3061.4565184247067,2025-08-22,South
T0883,C0184,P098,6,85.70117996241365,514.2070797744818,2025-08-14,West
T0884,C0145,P046,6,248.76002350902488,1492.5601410541492,2025-05-18,East
T0885,C0074,P098,1,220.69275491931927,220.69275491931927,2025-10-04,South
T0886,C0017,P029,4,302.4862383678615,1209.944953471446,2025-09-13,East
T0887,C0084,P004,5,499.7832745927149,2498.9163729635748,2025-06-23,East
T0888,C0069,P081,3,387.0299581002031,1161.0898743006092,2025-10-10,North
T0889,C0034,P099,9,204.9541944785393,1844.5877503068536,2025-07-13,West
T0890,C0006,P013,1,415.500995614283,415.500995614283,2025-10-24,North
T0891,C0053,P039,6,93.64709802311529,561.8825881386917,2025-08-28,West
T0892,C0194,P015,6,24.927206291390462,149.56323774834277,2025-05-21,West
T0893,C0126,P029,10,110.1797025074938,1101.7970250749381,2025-09-22,East
T0894,C0043,P029,5,176.80166249598724,884.0083124799362,2025-10-19,West
T0895,C0115,P075,5,260.18457115518436,1300.9228557759218,2025-08-02,East
T0896,C0111,P032,10,311.4132788651879,3114.1327886518793,2025-08-06,East
T0897,C0151,P002,5,456.1968014350667,2280.9840071753333,2025-07-05,West
T0898,C0183,P047,6,259.8284646797243,1558.9707880783458,2025-07-01,East
T0899,C0080,P078,8,255.6250658666074,2045.0005269328592,2025-05-20,East
T0900,C0095,P084,2,34.61907481326124,69.23814962652249,2025-05-22,East
T0901,C0118,P022,6,27.106660801549666,162.639964809298,2025-09-06,South
T0902,C0144,P075,1,280.0683813390223,280.0683813390223,2025-10-17,East
T0903,C0008,P027,4,224.7075204916888,898.8300819667552,2025-09-06,South
T0904,C0132,P067,10,421.19839354034633,4211.983935403463,2025-05-28,South
T0905,C0104,P081,3,88.73299650880413,266.1989895264124,2025-07-22,East
T0906,C0132,P056,9,22.236114437354303,200.12502993618872,2025-09-29,East
T0907,C0184,P092,3,230.02899628576168,690.0869888572851,2025-07-17,South
T0908,C0025,P093,6,126.36449280860617,758.186956851637,2025-07-03,South
T0909,C0195,P021,1,34.31104293603035,34.31104293603035,2025-08-17,East
T0910,C0096,P047,6,365.0531605553382,2190.318963332029,2025-09-17,East
T0911,C0195,P080,4,64.68056997905126,258.722279916205,2025-08-27,West
T0912,C0155,P059,8,308.07655500380815,2464.612440030465,2025-09-10,South
T0913,C0093,P084,9,147.7143775817757,1329.4293982359814,2025-09-17,South
T0914,C0160,P006,4,95.0130646739608,380.0522586958432,2025-05-28,West
T0915,C0178,P019,10,196.07824623046557,1960.7824623046556,2025-09-23,South
T0916,C0061,P057,10,402.7084303492473,4027.084303492473,2025-06-01,North
T0917,C0122,P069,6,202.12585268324062,1212.7551160994437,2025-10-09,South
T0918,C0051,P003,1,377.8771281134173,377.8771281134173,2025-06-14,West
T0919,C0147,P001,4,71.48828543158383,285.95314172633533,2025-07-01,North
T0920,C0021,P058,7,388.65799563588877,2720.6059694512214,2025-08-19,East
T0921,C0005,P038,1,126.09732920425783,126.09732920425783,2025-10-04,West
T0922,C0092,P015,8,341.92263364554765,2735.381069164381,2025-06-15,West
T0923,C0170,P034,10,287.2329618720882,2872.329618720882,2025-10-29,East
T0924,C0061,P061,6,465.28091143372677,2791.6854686023607,2025-05-12,West
T0925,C0022,P035,5,199.78803380790387,998.9401690395193,2025-07-04,South
T0926,C0149,P064,10,42.42094252887582,424.2094252887582,2025-10-28,East
T0927,C0070,P025,9,19.386187920113922,174.4756912810253,2025-05-28,West
T0928,C0001,P024,2,415.160694876649,830.321389753298,2025-05-25,East
T0929,C0133,P012,5,267.12046245410176,1335.6023122705087,2025-09-04,East
T0930,C0012,P018,6,389.8695853991251,2339.217512394751,2025-07-18,East
T0931,C0090,P015,7,124.86854400564219,874.0798080394953,2025-05-12,North
T0932,C0046,P080,5,179.09103530148454,895.4551765074227,2025-05-22,West
T0933,C0034,P027,9,24.75089738354628,222.75807645191654,2025-05-11,North
T0934,C0177,P072,1,481.131239041315,481.131239041315,2025-07-27,West
T0935,C0078,P060,7,337.2552742833986,2360.78691998379,2025-07-02,South
T0936,C0045,P046,10,467.27049300206005,4672.704930020601,2025-09-17,South
T0937,C0155,P089,7,140.09323964024543,980.652677481718,2025-09-05,South
T0938,C0073,P017,4,309.6171695005738,1238.4686780022953,2025-06-01,West
T0939,C0026,P093,9,342.4649844633925,3082.1848601705324,2025-10-17,East
T0940,C0047,P053,5,165.59935312621835,827.9967656310918,2025-10-13,East
T0941,C0121,P008,4,425.5735251576587,1702.2941006306348,2025-07-29,North
T0942,C0056,P079,7,474.10911682112146,3318.76381774785,2025-10-02,North
T0943,C0094,P027,4,443.5790076710421,1774.3160306841685,2025-10-14,South
T0944,C0107,P046,3,372.14281821029255,1116.4284546308777,2025-07-07,North
T0945,C0063,P050,9,145.9576930652275,1313.6192375870473,2025-10-02,West
T0946,C0048,P071,8,147.99186063175955,1183.9348850540764,2025-06-26,West
T0947,C0061,P003,1,482.0465570185586,482.0465570185586,2025-07-10,North
T0948,C0081,P093,7,15.039403008489094,105.27582105942366,2025-08-26,North
T0949,C0026,P064,9,360.8644868886508,3247.780381997857,2025-10-05,North
T0950,C0036,P044,8,356.06061965207846,2848.4849572166277,2025-10-07,North
T0951,C0001,P053,8,315.11787506540077,2520.943000523206,2025-08-25,South
T0952,C0008,P024,6,495.15333458256424,2970.9200074953856,2025-07-23,South
T0953,C0113,P060,4,162.82092352422535,651.2836940969014,2025-06-07,North
T0954,C0099,P003,8,176.5862132586916,1412.6897060695328,2025-07-05,West
T0955,C0180,P020,3,48.68030744381222,146.04092233143666,2025-09-02,South
T0956,C0047,P046,9,226.97108690643134,2042.739782157882,2025-10-14,West
T0957,C0127,P015,2,137.91377785507555,275.8275557101511,2025-08-16,East
T0958,C0056,P025,2,178.25948406704566,356.5189681340913,2025-05-27,West
T0959,C0014,P094,7,418.94017722525757,2932.581240576803,2025-10-31,North
T0960,C0028,P078,10,468.38741162847293,4683.874116284729,2025-10-28,East
T0961,C0078,P071,4,101.00920528254096,404.03682113016384,2025-08-10,South
T0962,C0130,P017,10,192.52937646119827,1925.2937646119826,2025-08-29,South
T0963,C0109,P084,8,465.0289754365431,3720.2318034923446,2025-10-01,East
T0964,C0154,P100,9,40.28614573771909,362.5753116394718,2025-07-10,West
T0965,C0014,P009,7,55.25665877457547,386.79661142202826,2025-09-01,South
T0966,C0187,P038,5,89.7675847110524,448.83792355526197,2025-08-29,North
T0967,C0056,P048,8,301.65428872216864,2413.234309777349,2025-06-24,East
T0968,C0115,P060,4,83.73141279293876,334.925651171755,2025-07-04,North
T0969,C0007,P063,2,484.35742691085943,968.7148538217189,2025-09-03,East
T0970,C0003,P086,6,228.89011835667498,1373.3407101400499,2025-06-22,South
T0971,C0111,P002,9,255.74380057158152,2301.694205144234,2025-10-16,West
T0972,C0151,P088,1,130.86272174464918,130.86272174464918,2025-09-30,East
T0973,C0107,P072,10,240.7705236930194,2407.705236930194,2025-05-12,East
T0974,C0018,P011,7,334.33767999213563,2340.3637599449494,2025-10-03,North
T0975,C0038,P064,10,378.07679710748096,3780.76797107481,2025-06-24,South
T0976,C0115,P077,9,379.39536052785735,3414.5582447507163,2025-09-28,North
T0977,C0015,P081,10,293.1666452201033,2931.6664522010333,2025-06-24,South
T0978,C0192,P072,9,453.13628974699003,4078.22660772291,2025-07-25,North
T0979,C0119,P021,10,410.5298451799936,4105.298451799936,2025-09-09,East
T0980,C0028,P018,3,380.9535762023265,1142.8607286069794,2025-07-22,North
T0981,C0039,P094,5,37.246705623425704,186.23352811712851,2025-08-19,West
T0982,C0185,P064,8,13.370201487628163,106.96161190102531,2025-09-22,South
T0983,C0017,P082,8,114.09916582578175,912.793326606254,2025-08-06,South
T0984,C0086,P095,4,335.1265610175916,1340.5062440703664,2025-09-29,East
T0985,C0126,P038,1,211.48676955244744,211.48676955244744,2025-07-16,South
T0986,C0044,P032,1,207.17906705666275,207.17906705666275,2025-07-08,West
T0987,C0025,P011,4,443.4475752325107,1773.7903009300428,2025-09-23,North
T0988,C0145,P045,6,448.825795584601,2692.9547735076058,2025-06-27,East
T0989,C0013,P089,8,455.495879386257,3643.967035090056,2025-05-11,West
T0990,C0025,P033,6,163.8002574923634,982.8015449541804,2025-08-23,South
T0991,C0068,P041,9,348.6173482422383,3137.5561341801445,2025-08-29,South
T0992,C0138,P008,9,143.1002588244411,1287.90232941997,2025-08-10,West
T0993,C0067,P011,2,103.3988182064804,206.7976364129608,2025-09-03,North
T0994,C0109,P086,10,100.46990410021091,1004.6990410021091,2025-07-28,North
T0995,C0146,P051,1,177.63273422316107,177.63273422316107,2025-08-25,East
T0996,C0111,P088,2,220.67923369211263,441.35846738422526,2025-06-28,South
T0997,C0111,P041,5,417.16509381698353,2085.8254690849176,2025-10-02,West
T0998,C0034,P017,4,68.74663580162893,274.9865432065157,2025-10-25,North
T0999,C0111,P076,4,370.1136652234982,1480.4546608939927,2025-06-12,East
T1000,C0008,P046,9,270.4129079527596,2433.7161715748366,2025-06-23,South
